,Win_bins
0,3.0
1,3.0
2,3.0
3,3.0
4,3.0
5,3.0
6,3.0
7,2.0
8,3.0
9,3.0
10,3.0
11,3.0
12,3.0
13,2.0
14,3.0
15,3.0
16,3.0
17,3.0
18,3.0
19,2.0
20,4.0
21,3.0
22,3.0
23,4.0
24,4.0
25,3.0
26,3.0
27,4.0
28,3.0
29,3.0
30,3.0
31,3.0
32,3.0
33,3.0
34,3.0
35,3.0
36,3.0
37,3.0
38,4.0
39,3.0
40,4.0
41,4.0
42,3.0
43,4.0
44,4.0
45,4.0
46,3.0
47,3.0
48,3.0
49,3.0
50,4.0
51,3.0
52,3.0
53,2.0
54,4.0
55,3.0
56,4.0
57,4.0
58,3.0
59,2.0
60,3.0
61,3.0
62,4.0
63,3.0
64,3.0
65,2.0
66,4.0
67,3.0
68,3.0
69,2.0
70,3.0
71,2.0
75,2.0
76,2.0
77,1.0
78,2.0
79,2.0
80,1.0
81,2.0
82,1.0
83,2.0
84,2.0
85,4.0
86,3.0
87,3.0
88,3.0
89,2.0
90,3.0
91,2.0
92,2.0
93,2.0
94,3.0
95,2.0
96,2.0
97,2.0
98,2.0
99,3.0
100,2.0
101,3.0
102,3.0
103,3.0
104,1.0
105,3.0
106,3.0
107,3.0
108,2.0
109,2.0
110,2.0
111,2.0
112,2.0
113,2.0
114,2.0
115,3.0
116,3.0
117,4.0
118,3.0
119,3.0
120,3.0
121,2.0
122,4.0
123,3.0
124,3.0
125,4.0
126,4.0
127,4.0
128,3.0
129,3.0
130,3.0
131,3.0
132,3.0
133,3.0
134,3.0
135,3.0
136,3.0
137,3.0
138,4.0
139,3.0
140,3.0
141,3.0
142,3.0
143,3.0
144,2.0
145,3.0
146,2.0
147,2.0
148,2.0
149,3.0
150,3.0
151,3.0
152,3.0
153,2.0
154,3.0
155,2.0
156,2.0
157,2.0
158,2.0
159,4.0
160,4.0
161,4.0
162,4.0
163,4.0
164,4.0
165,4.0
166,4.0
167,3.0
168,4.0
169,4.0
170,4.0
171,4.0
172,3.0
173,3.0
174,3.0
175,3.0
176,4.0
177,3.0
178,4.0
179,4.0
180,3.0
181,2.0
182,2.0
183,2.0
184,2.0
185,3.0
186,2.0
187,3.0
188,2.0
189,1.0
190,1.0
191,2.0
192,2.0
193,3.0
194,2.0
195,3.0
196,2.0
197,3.0
198,3.0
199,4.0
200,3.0
201,3.0
202,3.0
203,2.0
204,2.0
205,3.0
206,3.0
207,2.0
208,2.0
209,2.0
210,2.0
211,2.0
212,2.0
213,2.0
214,1.0
215,2.0
216,1.0
217,2.0
218,3.0
219,3.0
220,3.0
221,3.0
222,3.0
223,2.0
224,2.0
225,2.0
226,2.0
227,2.0
228,2.0
229,2.0
230,2.0
231,2.0
232,2.0
233,2.0
234,3.0
235,3.0
236,3.0
237,3.0
238,4.0
239,3.0
240,3.0
241,4.0
242,4.0
243,4.0
244,3.0
245,4.0
246,4.0
247,4.0
248,4.0
249,3.0
250,4.0
251,4.0
252,4.0
253,3.0
254,4.0
255,4.0
256,4.0
257,4.0
258,4.0
259,4.0
260,3.0
261,3.0
262,3.0
263,2.0
264,2.0
265,3.0
266,3.0
267,2.0
268,3.0
269,3.0
270,3.0
271,4.0
272,3.0
273,3.0
274,3.0
275,2.0
276,2.0
277,3.0
278,3.0
279,3.0
280,3.0
281,2.0
282,2.0
283,2.0
284,2.0
285,2.0
286,4.0
287,3.0
288,4.0
289,3.0
290,3.0
291,4.0
292,3.0
293,1.0
294,2.0
295,3.0
296,3.0
297,3.0
298,3.0
299,4.0
300,3.0
301,4.0
302,4.0
303,4.0
304,4.0
305,3.0
306,3.0
307,2.0
308,2.0
309,2.0
310,1.0
311,1.0
312,2.0
313,2.0
314,2.0
315,2.0
316,2.0
317,1.0
318,3.0
319,3.0
320,3.0
321,3.0
322,3.0
323,3.0
324,3.0
325,3.0
326,4.0
327,2.0
328,3.0
329,3.0
330,4.0
331,3.0
332,4.0
333,4.0
334,4.0
335,3.0
336,3.0
337,3.0
338,2.0
339,3.0
340,3.0
341,3.0
342,3.0
343,3.0
344,2.0
345,3.0
346,3.0
347,3.0
348,3.0
349,2.0
350,3.0
351,4.0
352,3.0
353,3.0
354,3.0
355,3.0
356,3.0
357,3.0
358,3.0
359,4.0
360,3.0
361,4.0
362,4.0
363,4.0
364,3.0
365,3.0
366,3.0
367,3.0
368,3.0
369,4.0
370,3.0
371,3.0
372,3.0
373,3.0
374,3.0
375,3.0
376,3.0
377,3.0
378,3.0
379,4.0
380,4.0
381,3.0
382,3.0
383,4.0
384,4.0
385,4.0
386,4.0
387,3.0
388,4.0
389,4.0
390,4.0
391,3.0
392,4.0
393,2.0
394,4.0
395,3.0
396,3.0
397,4.0
400,4.0
401,4.0
402,5.0
403,4.0
404,4.0
405,4.0
406,4.0
407,4.0
408,4.0
409,3.0
410,3.0
411,3.0
412,2.0
413,3.0
414,3.0
415,2.0
416,3.0
417,3.0
418,3.0
419,2.0
420,3.0
421,3.0
422,4.0
423,4.0
424,4.0
425,3.0
426,4.0
427,3.0
428,3.0
429,4.0
430,3.0
431,4.0
432,3.0
433,3.0
434,3.0
435,3.0
436,2.0
437,3.0
438,3.0
439,4.0
440,3.0
441,2.0
442,2.0
443,2.0
444,2.0
445,2.0
446,3.0
447,2.0
448,2.0
449,3.0
450,2.0
451,2.0
452,3.0
453,3.0
454,2.0
455,2.0
456,2.0
457,3.0
458,3.0
459,3.0
460,2.0
461,3.0
462,3.0
463,4.0
464,3.0
465,3.0
466,3.0
467,3.0
468,2.0
469,3.0
470,3.0
471,3.0
472,3.0
473,3.0
474,2.0
475,3.0
476,3.0
477,4.0
478,3.0
479,3.0
480,3.0
481,3.0
482,4.0
483,3.0
484,3.0
485,3.0
486,3.0
487,3.0
488,2.0
489,4.0
490,2.0
491,2.0
492,3.0
493,2.0
494,3.0
495,3.0
496,3.0
497,2.0
498,3.0
499,4.0
500,3.0
501,3.0
502,3.0
503,2.0
504,2.0
505,3.0
506,4.0
507,4.0
508,3.0
509,4.0
510,4.0
511,3.0
512,3.0
513,3.0
514,2.0
515,3.0
516,3.0
517,3.0
518,3.0
519,4.0
520,3.0
521,4.0
522,4.0
523,2.0
524,3.0
525,2.0
526,2.0
527,3.0
528,3.0
529,3.0
530,3.0
531,2.0
532,2.0
533,2.0
534,1.0
535,2.0
536,2.0
537,3.0
538,3.0
539,3.0
540,3.0
541,3.0
542,3.0
543,3.0
544,3.0
545,3.0
546,3.0
547,3.0
548,2.0
549,2.0
550,2.0
551,3.0
552,3.0
553,3.0
554,4.0
555,4.0
556,3.0
557,4.0
558,3.0
559,4.0
560,3.0
561,3.0
562,3.0
563,4.0
564,4.0
565,4.0
566,3.0
567,3.0
568,2.0
569,2.0
570,2.0
571,3.0
572,3.0
573,3.0
574,3.0
575,3.0
576,2.0
577,4.0
578,3.0
579,3.0
580,3.0
581,3.0
582,4.0
583,3.0
584,3.0
585,3.0
586,3.0
587,3.0
588,2.0
589,4.0
590,3.0
591,3.0
592,4.0
593,3.0
594,3.0
595,3.0
596,3.0
597,4.0
598,3.0
599,3.0
600,3.0
601,3.0
602,4.0
603,4.0
604,3.0
605,3.0
606,3.0
607,3.0
608,3.0
609,3.0
610,2.0
611,3.0
612,3.0
613,3.0
617,3.0
618,3.0
619,2.0
620,2.0
621,3.0
622,3.0
623,3.0
624,3.0
625,3.0
626,2.0
627,2.0
628,3.0
629,2.0
630,3.0
631,3.0
632,3.0
633,3.0
634,4.0
635,3.0
636,3.0
637,3.0
638,3.0
639,3.0
640,2.0
641,2.0
642,2.0
643,2.0
644,2.0
645,2.0
646,2.0
647,3.0
648,2.0
649,3.0
650,4.0
651,4.0
652,3.0
653,3.0
654,3.0
655,3.0
656,2.0
657,2.0
658,3.0
659,2.0
660,2.0
661,2.0
662,2.0
663,2.0
664,2.0
665,3.0
666,3.0
667,4.0
668,3.0
669,3.0
670,3.0
671,2.0
672,4.0
673,4.0
674,3.0
675,4.0
676,3.0
677,3.0
678,3.0
679,3.0
680,3.0
681,4.0
682,3.0
683,4.0
684,4.0
685,4.0
686,4.0
687,4.0
688,3.0
689,4.0
690,4.0
691,3.0
692,2.0
693,3.0
694,3.0
695,3.0
696,3.0
697,3.0
698,3.0
699,3.0
700,4.0
701,3.0
702,4.0
703,3.0
704,3.0
705,3.0
706,3.0
707,4.0
708,3.0
709,2.0
710,3.0
711,2.0
712,3.0
713,3.0
714,3.0
715,3.0
716,3.0
717,3.0
718,4.0
719,3.0
720,4.0
721,4.0
722,3.0
723,2.0
724,2.0
725,3.0
726,3.0
727,3.0
728,3.0
729,4.0
730,3.0
731,3.0
732,3.0
733,3.0
734,3.0
735,2.0
736,2.0
737,3.0
738,3.0
739,4.0
740,4.0
741,3.0
742,3.0
743,2.0
744,3.0
745,3.0
746,2.0
747,2.0
748,3.0
749,3.0
750,3.0
751,3.0
752,3.0
753,3.0
754,3.0
755,3.0
756,3.0
757,3.0
758,3.0
759,3.0
760,3.0
761,3.0
762,3.0
763,3.0
764,2.0
765,3.0
766,4.0
767,3.0
768,4.0
769,4.0
770,4.0
771,4.0
772,5.0
773,4.0
774,3.0
775,3.0
776,3.0
777,3.0
778,3.0
779,3.0
780,3.0
781,3.0
782,3.0
783,3.0
784,3.0
785,3.0
786,3.0
787,2.0
788,3.0
789,2.0
790,3.0
791,3.0
792,3.0
793,3.0
794,3.0
795,3.0
796,2.0
797,3.0
798,3.0
799,3.0
800,3.0
801,3.0
802,2.0
803,3.0
804,2.0
805,3.0
806,3.0
807,3.0
808,2.0
809,3.0
810,3.0
811,4.0
812,3.0
813,3.0
814,4.0
815,4.0
816,4.0
817,3.0
818,2.0
819,3.0
820,4.0
821,3.0
822,4.0
823,3.0
824,2.0
825,2.0
826,3.0
827,2.0
828,4.0
829,3.0
830,3.0
831,4.0
832,2.0
833,3.0
834,3.0
835,3.0
836,3.0
837,3.0
838,3.0
839,3.0
840,3.0
841,2.0
842,2.0
843,3.0
844,4.0
845,3.0
846,4.0
847,3.0
848,3.0
849,2.0
850,3.0
851,2.0
852,2.0
853,3.0
854,2.0
855,3.0
856,3.0
857,4.0
858,4.0
859,4.0
860,3.0
861,3.0
862,2.0
863,2.0
864,3.0
865,4.0
866,3.0
867,3.0
868,2.0
869,3.0
870,3.0
871,3.0
872,3.0
873,3.0
874,3.0
875,3.0
876,2.0
877,3.0
878,3.0
879,2.0
880,3.0
881,3.0
882,4.0
883,4.0
884,3.0
885,3.0
886,3.0
887,3.0
888,4.0
889,3.0
890,3.0
891,3.0
892,3.0
893,3.0
894,4.0
895,3.0
896,3.0
897,3.0
898,4.0
899,3.0
900,2.0
901,2.0
902,2.0
903,3.0
904,3.0
905,3.0
906,3.0
907,3.0
908,3.0
909,4.0
910,3.0
911,3.0
912,3.0
913,3.0
914,3.0
915,4.0
916,4.0
917,4.0
918,3.0
919,4.0
920,3.0
921,3.0
922,3.0
923,2.0
924,3.0
925,3.0
926,3.0
927,3.0
928,3.0
929,3.0
930,4.0
931,4.0
932,3.0
933,3.0
934,4.0
935,3.0
936,2.0
937,3.0
938,3.0
939,3.0
940,3.0
941,2.0
942,3.0
943,2.0
944,2.0
945,3.0
946,2.0
947,2.0
948,1.0
949,3.0
950,3.0
951,4.0
952,3.0
953,3.0
954,3.0
955,3.0
956,4.0
957,3.0
958,4.0
959,4.0
960,3.0
961,3.0
962,2.0
963,3.0
964,4.0
965,2.0
966,2.0
967,3.0
968,3.0
969,3.0
970,4.0
971,3.0
972,3.0
973,3.0
974,3.0
975,3.0
976,3.0
977,3.0
978,3.0
979,2.0
980,2.0
981,3.0
982,3.0
983,3.0
984,2.0
985,2.0
986,2.0
987,2.0
988,3.0
989,2.0
990,3.0
991,3.0
992,3.0
993,3.0
994,3.0
995,3.0
996,3.0
997,2.0
998,3.0
999,3.0
1000,3.0
1001,3.0
1002,4.0
1003,3.0
1004,3.0
1005,3.0
1006,3.0
1007,4.0
1008,3.0
1009,3.0
1010,3.0
1011,3.0
1012,2.0
1013,3.0
1014,3.0
1015,3.0
1016,3.0
1017,4.0
1018,4.0
1019,3.0
1020,4.0
1021,3.0
1022,3.0
1023,4.0
1024,3.0
1025,3.0
1026,3.0
1027,3.0
1028,3.0
1029,3.0
1030,2.0
1031,2.0
1032,2.0
1033,3.0
1034,3.0
1035,3.0
1036,2.0
1037,2.0
1038,3.0
1039,3.0
1040,3.0
1041,3.0
1042,4.0
1043,4.0
1044,4.0
1045,4.0
1046,3.0
1047,4.0
1048,4.0
1049,3.0
1050,3.0
1051,4.0
1052,3.0
1053,3.0
1054,3.0
1055,4.0
1056,3.0
1057,3.0
1058,3.0
1059,3.0
1060,3.0
1061,2.0
1062,3.0
1063,2.0
1064,3.0
1065,2.0
1066,2.0
1067,3.0
1068,2.0
1069,2.0
1070,2.0
1071,2.0
1072,3.0
1073,2.0
1074,2.0
1075,3.0
1076,3.0
1077,3.0
1078,3.0
1079,4.0
1080,3.0
1083,2.0
1084,1.0
1085,2.0
1086,2.0
1087,2.0
1088,2.0
1089,2.0
1090,2.0
1091,2.0
1092,2.0
1093,3.0
1094,3.0
1095,4.0
1096,3.0
1097,4.0
1098,3.0
1099,3.0
1100,3.0
1101,4.0
1102,2.0
1103,3.0
1104,2.0
1105,3.0
1106,3.0
1107,3.0
1108,3.0
1109,3.0
1110,2.0
1111,3.0
1112,3.0
1113,2.0
1114,2.0
1115,2.0
1116,3.0
1117,3.0
1118,4.0
1119,4.0
1120,3.0
1121,2.0
1122,3.0
1123,4.0
1124,4.0
1125,3.0
1126,4.0
1127,3.0
1128,4.0
1129,4.0
1130,4.0
1131,4.0
1132,4.0
1133,4.0
1134,3.0
1135,3.0
1136,3.0
1137,3.0
1138,3.0
1139,4.0
1140,4.0
1141,3.0
1142,4.0
1143,4.0
1144,3.0
1145,3.0
1146,3.0
1147,3.0
1148,3.0
1149,3.0
1150,4.0
1151,4.0
1152,3.0
1153,4.0
1154,4.0
1155,4.0
1156,3.0
1157,4.0
1158,3.0
1159,4.0
1160,3.0
1161,4.0
1162,3.0
1163,3.0
1164,4.0
1165,3.0
1166,3.0
1167,4.0
1168,2.0
1169,3.0
1170,4.0
1171,3.0
1172,3.0
1173,3.0
1174,3.0
1175,3.0
1176,4.0
1177,3.0
1178,4.0
1179,3.0
1180,3.0
1181,3.0
1182,3.0
1183,4.0
1184,3.0
1185,3.0
1186,3.0
1187,4.0
1188,4.0
1189,4.0
1190,4.0
1191,2.0
1192,2.0
1193,2.0
1194,2.0
1195,3.0
1196,3.0
1197,2.0
1198,2.0
1199,2.0
1200,4.0
1201,4.0
1202,3.0
1203,4.0
1204,3.0
1205,2.0
1206,3.0
1207,3.0
1208,4.0
1209,3.0
1210,3.0
1211,3.0
1212,3.0
1213,4.0
1214,2.0
1215,3.0
1216,3.0
1217,3.0
1218,3.0
1219,3.0
1220,2.0
1221,2.0
1222,2.0
1223,2.0
1224,3.0
1225,3.0
1226,3.0
1227,4.0
1228,3.0
1229,3.0
1230,4.0
1231,3.0
1232,3.0
1233,3.0
1234,2.0
1235,3.0
1236,1.0
1237,2.0
1238,2.0
1239,1.0
1240,2.0
1241,1.0
1242,2.0
1243,2.0
1244,4.0
1245,4.0
1246,3.0
1247,3.0
1248,3.0
1249,3.0
1250,2.0
1251,3.0
1252,2.0
1253,3.0
1254,4.0
1255,4.0
1256,3.0
1257,3.0
1258,3.0
1259,3.0
1260,4.0
1261,4.0
1262,4.0
1263,4.0
1264,2.0
1265,2.0
1266,3.0
1267,3.0
1268,3.0
1269,2.0
1270,2.0
1271,3.0
1272,2.0
1273,3.0
1274,2.0
1275,3.0
1276,3.0
1277,2.0
1278,2.0
1279,2.0
1280,2.0
1281,2.0
1282,3.0
1283,3.0
1284,2.0
1285,2.0
1286,2.0
1287,2.0
1288,2.0
1289,2.0
1290,3.0
1291,3.0
1292,4.0
1293,4.0
1294,3.0
1295,4.0
1296,3.0
1297,4.0
1298,3.0
1299,4.0
1300,4.0
1301,3.0
1302,3.0
1303,3.0
1304,3.0
1305,3.0
1306,3.0
1307,3.0
1308,3.0
1309,3.0
1310,3.0
1311,2.0
1312,3.0
1313,3.0
1314,3.0
1315,3.0
1316,3.0
1317,4.0
1318,3.0
1319,3.0
1320,4.0
1321,4.0
1322,3.0
1323,3.0
1324,2.0
1325,3.0
1326,2.0
1327,2.0
1328,3.0
1329,4.0
1330,4.0
1331,4.0
1332,3.0
1333,4.0
1334,3.0
1335,3.0
1336,3.0
1337,4.0
1338,2.0
1339,2.0
1340,2.0
1341,3.0
1342,3.0
1343,2.0
1344,1.0
1345,2.0
1346,2.0
1347,2.0
1348,2.0
1349,2.0
1350,3.0
1351,4.0
1352,3.0
1353,3.0
1354,3.0
1355,3.0
1356,3.0
1357,3.0
1358,3.0
1359,2.0
1360,2.0
1361,2.0
1362,2.0
1363,2.0
1364,2.0
1365,4.0
1366,4.0
1367,4.0
1368,4.0
1369,4.0
1370,3.0
1371,4.0
1372,3.0
1373,3.0
1374,2.0
1375,3.0
1376,3.0
1377,3.0
1378,4.0
1379,4.0
1380,3.0
1381,3.0
1382,2.0
1383,3.0
1384,3.0
1385,4.0
1386,3.0
1387,3.0
1388,3.0
1389,3.0
1390,3.0
1391,3.0
1392,3.0
1393,3.0
1394,4.0
1395,3.0
1396,4.0
1397,3.0
1398,4.0
1399,3.0
1400,2.0
1401,3.0
1402,3.0
1403,3.0
1404,2.0
1405,2.0
1406,3.0
1407,2.0
1408,3.0
1409,3.0
1410,4.0
1411,4.0
1412,4.0
1413,4.0
1414,3.0
1415,2.0
1416,4.0
1417,5.0
1418,4.0
1419,3.0
1420,3.0
1421,4.0
1422,4.0
1423,4.0
1424,4.0
1425,4.0
1426,4.0
1427,4.0
1428,4.0
1429,3.0
1430,4.0
1431,4.0
1432,4.0
1433,3.0
1434,3.0
1435,3.0
1436,4.0
1437,4.0
1438,4.0
1439,4.0
1440,4.0
1441,4.0
1442,4.0
1443,4.0
1444,4.0
1445,4.0
1446,4.0
1447,4.0
1448,3.0
1449,4.0
1450,4.0
1451,4.0
1452,4.0
1453,4.0
1454,3.0
1455,3.0
1456,3.0
1457,3.0
1458,3.0
1459,4.0
1460,3.0
1461,3.0
1462,3.0
1463,3.0
1464,3.0
1465,4.0
1466,4.0
1467,4.0
1468,3.0
1469,4.0
1470,3.0
1471,4.0
1472,3.0
1473,4.0
1474,4.0
1475,3.0
1476,3.0
1477,3.0
1478,2.0
1479,3.0
1480,3.0
1481,3.0
1482,4.0
1483,4.0
1484,5.0
1485,4.0
1486,3.0
1487,4.0
1488,4.0
1489,4.0
1490,4.0
1491,4.0
1492,4.0
1493,4.0
1494,3.0
1495,4.0
1496,4.0
1497,4.0
1498,4.0
1499,3.0
1500,3.0
1501,3.0
1502,3.0
1503,3.0
1504,4.0
1505,3.0
1506,2.0
1507,4.0
1508,4.0
1509,4.0
1510,4.0
1511,4.0
1512,4.0
1513,1.0
1514,1.0
1515,2.0
1516,1.0
1517,2.0
1518,2.0
1519,2.0
1520,3.0
1521,3.0
1522,3.0
1523,4.0
1524,4.0
1525,4.0
1526,4.0
1527,4.0
1528,4.0
1529,3.0
1530,2.0
1531,2.0
1532,2.0
1533,2.0
1534,2.0
1535,2.0
1536,2.0
1537,2.0
1538,1.0
1539,3.0
1540,2.0
1541,1.0
1542,3.0
1543,3.0
1544,3.0
1545,2.0
1546,3.0
1547,3.0
1548,2.0
1549,2.0
1550,2.0
1551,2.0
1552,2.0
1553,3.0
1554,2.0
1555,2.0
1556,2.0
1557,3.0
1558,3.0
1559,2.0
1560,2.0
1561,3.0
1562,2.0
1563,3.0
1564,3.0
1565,3.0
1566,4.0
1567,4.0
1568,4.0
1569,4.0
1570,4.0
1571,3.0
1572,2.0
1573,2.0
1574,2.0
1575,3.0
1576,2.0
1577,3.0
1578,3.0
1579,3.0
1580,3.0
1581,3.0
1582,4.0
1583,4.0
1584,4.0
1585,3.0
1586,4.0
1587,2.0
1588,3.0
1589,2.0
1590,3.0
1591,3.0
1592,4.0
1593,4.0
1594,4.0
1595,4.0
1596,4.0
1597,3.0
1598,4.0
1599,3.0
1600,3.0
1601,3.0
1602,3.0
1603,3.0
1604,4.0
1605,4.0
1606,3.0
1607,2.0
1608,2.0
1612,2.0
1613,3.0
1614,3.0
1615,3.0
1616,3.0
1617,3.0
1618,3.0
1619,3.0
1620,3.0
1621,3.0
1622,4.0
1623,4.0
1624,3.0
1625,2.0
1626,2.0
1627,2.0
1628,2.0
1629,2.0
1630,2.0
1631,2.0
1632,2.0
1633,1.0
1634,3.0
1635,2.0
1636,2.0
1637,3.0
1638,2.0
1639,2.0
1640,2.0
1641,2.0
1642,1.0
1643,1.0
1644,2.0
1645,1.0
1646,1.0
1647,2.0
1648,2.0
1649,1.0
1650,2.0
1651,2.0
1652,2.0
1653,3.0
1654,4.0
1655,3.0
1656,3.0
1657,3.0
1658,3.0
1659,3.0
1660,3.0
1661,3.0
1662,2.0
1663,2.0
1664,2.0
1665,1.0
1666,3.0
1667,3.0
1668,4.0
1669,3.0
1670,3.0
1671,3.0
1672,3.0
1673,2.0
1674,3.0
1675,2.0
1676,2.0
1677,3.0
1678,3.0
1679,3.0
1680,4.0
1681,4.0
1682,4.0
1683,3.0
1684,4.0
1685,3.0
1686,4.0
1687,3.0
1688,3.0
1689,3.0
1690,3.0
1691,2.0
1692,2.0
1693,3.0
1694,3.0
1695,3.0
1696,4.0
1697,2.0
1698,2.0
1699,3.0
1700,3.0
1701,2.0
1702,3.0
1703,3.0
1704,3.0
1705,3.0
1706,3.0
1707,3.0
1708,3.0
1709,4.0
1710,4.0
1711,4.0
1712,4.0
1713,3.0
1714,3.0
1715,3.0
1716,2.0
1717,3.0
1721,3.0
1722,4.0
1723,4.0
1724,4.0
1725,4.0
1726,5.0
1727,3.0
1728,3.0
1729,4.0
1730,3.0
1731,2.0
1732,3.0
1733,2.0
1734,2.0
1735,3.0
1736,4.0
1737,3.0
1738,3.0
1739,4.0
1740,4.0
1741,3.0
1742,4.0
1743,3.0
1744,3.0
1745,3.0
1746,3.0
1747,3.0
1748,3.0
1749,3.0
1750,3.0
1751,3.0
1752,3.0
1753,3.0
1754,2.0
1755,3.0
1756,3.0
1757,2.0
1758,3.0
1759,4.0
1760,3.0
1761,2.0
1762,2.0
1763,3.0
1764,3.0
1765,2.0
1766,2.0
1767,1.0
1768,2.0
1769,2.0
1770,2.0
1771,2.0
1772,2.0
1773,3.0
1774,3.0
1775,4.0
1776,3.0
1777,4.0
1778,3.0
1779,3.0
1780,4.0
1781,4.0
1782,3.0
1783,3.0
1784,3.0
1785,3.0
1786,4.0
1787,4.0
1788,3.0
1789,3.0
1790,4.0
1791,4.0
1792,4.0
1793,3.0
1794,4.0
1795,3.0
1796,3.0
1797,3.0
1798,3.0
1799,2.0
1800,2.0
1801,3.0
1802,3.0
1803,3.0
1804,4.0
1805,4.0
1806,4.0
1807,3.0
1808,3.0
1809,3.0
1810,2.0
1811,3.0
1812,2.0
1813,2.0
1814,3.0
1815,3.0
1816,3.0
1817,2.0
1818,2.0
1819,2.0
1820,2.0
1821,2.0
1822,2.0
1823,3.0
1824,3.0
1825,4.0
1826,3.0
1827,4.0
1828,3.0
1829,2.0
1830,2.0
1831,2.0
1832,2.0
1833,2.0
1834,2.0
1835,3.0
1836,3.0
1837,2.0
1838,3.0
1839,2.0
1840,3.0
1841,3.0
1842,3.0
1843,4.0
1844,3.0
1845,3.0
1846,2.0
1847,3.0
1848,3.0
1849,3.0
1850,3.0
1851,3.0
1852,2.0
1853,4.0
1854,3.0
1855,4.0
1856,3.0
1857,3.0
1858,3.0
1859,2.0
1860,2.0
1861,3.0
1862,3.0
1863,3.0
1864,3.0
1865,2.0
1866,3.0
1867,4.0
1868,3.0
1869,3.0
1870,3.0
1871,3.0
1872,3.0
1873,2.0
1874,2.0
1875,2.0
1876,2.0
1877,2.0
1878,3.0
1879,2.0
1880,3.0
1881,3.0
1882,2.0
1883,3.0
1884,2.0
1885,3.0
1886,3.0
1887,3.0
1888,2.0
1889,3.0
1890,3.0
1891,4.0
1892,3.0
1893,3.0
1894,4.0
1895,5.0
1896,4.0
1897,4.0
1898,2.0
1899,2.0
1900,3.0
1901,3.0
1902,2.0
1903,3.0
1904,2.0
1905,2.0
1906,3.0
1907,3.0
1908,3.0
1909,3.0
1910,3.0
1914,4.0
1915,4.0
1916,4.0
1917,3.0
1918,4.0
1919,4.0
1920,4.0
1921,4.0
1922,4.0
1923,4.0
1924,3.0
1925,2.0
1926,3.0
1927,4.0
1928,3.0
1929,4.0
1930,4.0
1931,4.0
1932,4.0
1933,3.0
1934,3.0
1935,4.0
1936,4.0
1937,3.0
1938,3.0
1939,3.0
1940,3.0
1941,4.0
1942,4.0
1943,4.0
1944,4.0
1945,4.0
1946,3.0
1947,3.0
1948,3.0
1949,3.0
1950,3.0
1951,2.0
1952,2.0
1953,3.0
1954,2.0
1955,3.0
1956,3.0
1957,3.0
1958,3.0
1959,4.0
1960,4.0
1961,3.0
1962,4.0
1963,3.0
1964,2.0
1965,2.0
1966,3.0
1967,3.0
1968,3.0
1969,3.0
1970,4.0
1971,3.0
1972,4.0
1973,4.0
1974,4.0
1975,4.0
1976,3.0
1977,4.0
1978,3.0
1979,4.0
1980,2.0
1981,3.0
1982,3.0
1983,3.0
1984,3.0
1985,3.0
1986,3.0
1987,3.0
1988,3.0
1989,3.0
1990,3.0
1991,2.0
1992,2.0
1993,3.0
1994,4.0
1995,3.0
1996,4.0
1997,3.0
1998,3.0
1999,3.0
2000,4.0
2001,2.0
2002,4.0
2003,3.0
2004,3.0
2005,4.0
2006,4.0
2007,4.0
2008,4.0
2009,4.0
2010,3.0
2011,3.0
2012,3.0
2013,3.0
2014,3.0
2015,4.0
2016,3.0
2017,4.0
2018,3.0
2019,3.0
2020,3.0
2021,3.0
2025,3.0
2026,2.0
2027,2.0
2028,2.0
2029,1.0
2030,2.0
2031,2.0
2032,3.0
2033,2.0
2034,2.0
2035,3.0
2036,3.0
2037,2.0
2038,3.0
2039,3.0
2040,3.0
2041,3.0
2042,3.0
2043,2.0
2044,3.0
2045,3.0
2046,4.0
2047,4.0
2048,3.0
2049,4.0
2050,4.0
2051,3.0
2052,3.0
2053,4.0
2054,4.0
2055,3.0
2056,3.0
2057,3.0
2058,4.0
2059,3.0
2060,4.0
2061,4.0
2062,4.0
2063,4.0
2064,4.0
2065,4.0
2066,3.0
2067,3.0
2068,4.0
2069,3.0
2070,3.0
2071,3.0
2072,3.0
2073,3.0
2074,2.0
2075,3.0
2076,3.0
2077,3.0
2078,3.0
2079,3.0
2080,3.0
2081,3.0
2082,4.0
2083,4.0
2084,3.0
2085,3.0
2086,4.0
2087,4.0
2088,3.0
2089,3.0
2090,4.0
2091,3.0
2092,3.0
2093,3.0
2094,3.0
2095,3.0
2096,3.0
2097,2.0
2098,3.0
2099,3.0
2100,4.0
2101,3.0
2102,3.0
2103,4.0
2104,3.0
2105,4.0
2106,3.0
2107,3.0
2108,3.0
2109,3.0
2110,3.0
2111,3.0
2112,3.0
2113,3.0
2114,3.0
2115,3.0
2116,4.0
2117,4.0
2118,4.0
2119,3.0
2120,4.0
2121,4.0
2122,3.0
2123,3.0
2124,3.0
2125,4.0
2126,3.0
2127,4.0
2128,3.0
2129,4.0
2130,4.0
2131,4.0
2132,3.0
2133,2.0
2134,2.0
2135,2.0
2136,2.0
2137,2.0
2138,2.0
2139,3.0
2140,2.0
2141,2.0
2142,2.0
2143,4.0
2144,3.0
2145,4.0
2146,4.0
2147,4.0
2148,4.0
2149,3.0
2150,3.0
2151,2.0
2152,2.0
2153,2.0
2154,2.0
2155,2.0
2156,3.0
2157,3.0
2158,3.0
2159,2.0
2160,3.0
2161,3.0
2162,2.0
2163,2.0
2164,2.0
2165,3.0
2166,3.0
2167,3.0
2168,4.0
2169,3.0
2170,3.0
2171,3.0
2172,2.0
2173,3.0
2174,2.0
2175,2.0
2176,3.0
2177,3.0
2178,3.0
2179,3.0
2180,3.0
2181,3.0
2182,3.0
2183,3.0
2184,4.0
2185,3.0
2186,3.0
2187,4.0
2188,3.0
2189,3.0
2190,3.0
2191,3.0
2192,3.0
2193,3.0
2194,3.0
2195,3.0
2196,3.0
2197,3.0
2198,4.0
2199,4.0
2200,4.0
2201,4.0
2202,2.0
2203,3.0
2204,4.0
2205,2.0
2206,2.0
2207,2.0
2208,2.0
2209,3.0
2210,3.0
2211,3.0
2212,4.0
2213,3.0
2214,4.0
2215,3.0
2216,3.0
2217,3.0
2218,4.0
2219,4.0
2220,4.0
2221,3.0
2222,3.0
2223,3.0
2224,3.0
2225,3.0
2226,3.0
2227,3.0
2228,3.0
2229,2.0
2230,3.0
2231,3.0
2232,3.0
2233,3.0
2234,3.0
2235,3.0
2236,3.0
2237,3.0
2238,3.0
2239,3.0
2240,4.0
2241,3.0
2242,2.0
2243,3.0
2244,3.0
2245,3.0
2246,3.0
2247,3.0
2248,3.0
2249,2.0
2250,3.0
2251,3.0
2252,4.0
2253,4.0
2254,3.0
2255,3.0
2256,3.0
2257,3.0
2258,3.0
2259,4.0
2260,3.0
2261,3.0
2262,3.0
2263,3.0
2264,3.0
2265,4.0
2266,3.0
2267,3.0
2268,2.0
2269,2.0
2270,2.0
2271,2.0
2272,3.0
2273,3.0
2274,2.0
2275,3.0
2276,3.0
2277,3.0
2278,2.0
2279,2.0
2280,2.0
2281,3.0
2282,4.0
2283,3.0
2284,4.0
2285,3.0
2286,4.0
0,
1,
2,
3,
4,
5,
6,
7,
8,
9,
10,
11,
12,
13,
14,
15,
16,
17,
18,
19,
20,
21,
22,
23,
24,
25,
26,
27,
28,
29,
30,
31,
32,
33,
34,
35,
36,
37,
38,
39,
40,
41,
42,
43,
44,
45,
46,
47,
48,
49,
50,
51,
52,
53,
54,
55,
56,
57,
58,
59,
60,
61,
62,
63,
64,
65,
66,
67,
68,
69,
70,
71,
75,
76,
77,
78,
79,
80,
81,
82,
83,
84,
85,
86,
87,
88,
89,
90,
91,
92,
93,
94,
95,
96,
97,
98,
99,
100,
101,
102,
103,
104,
105,
106,
107,
108,
109,
110,
111,
112,
113,
114,
115,
116,
117,
118,
119,
120,
121,
122,
123,
124,
125,
126,
127,
128,
129,
130,
131,
132,
133,
134,
135,
136,
137,
138,
139,
140,
141,
142,
143,
144,
145,
146,
147,
148,
149,
150,
151,
152,
153,
154,
155,
156,
157,
158,
159,
160,
161,
162,
163,
164,
165,
166,
167,
168,
169,
170,
171,
172,
173,
174,
175,
176,
177,
178,
179,
180,
181,
182,
183,
184,
185,
186,
187,
188,
189,
190,
191,
192,
193,
194,
195,
196,
197,
198,
199,
200,
201,
202,
203,
204,
205,
206,
207,
208,
209,
210,
211,
212,
213,
214,
215,
216,
217,
218,
219,
220,
221,
222,
223,
224,
225,
226,
227,
228,
229,
230,
231,
232,
233,
234,
235,
236,
237,
238,
239,
240,
241,
242,
243,
244,
245,
246,
247,
248,
249,
250,
251,
252,
253,
254,
255,
256,
257,
258,
259,
260,
261,
262,
263,
264,
265,
266,
267,
268,
269,
270,
271,
272,
273,
274,
275,
276,
277,
278,
279,
280,
281,
282,
283,
284,
285,
286,
287,
288,
289,
290,
291,
292,
293,
294,
295,
296,
297,
298,
299,
300,
301,
302,
303,
304,
305,
306,
307,
308,
309,
310,
311,
312,
313,
314,
315,
316,
317,
318,
319,
320,
321,
322,
323,
324,
325,
326,
327,
328,
329,
330,
331,
332,
333,
334,
335,
336,
337,
338,
339,
340,
341,
342,
343,
344,
345,
346,
347,
348,
349,
350,
351,
352,
353,
354,
355,
356,
357,
358,
359,
360,
361,
362,
363,
364,
365,
366,
367,
368,
369,
370,
371,
372,
373,
374,
375,
376,
377,
378,
379,
380,
381,
382,
383,
384,
385,
386,
387,
388,
389,
390,
391,
392,
393,
394,
395,
396,
397,
400,
401,
402,
403,
404,
405,
406,
407,
408,
409,
410,
411,
412,
413,
414,
415,
416,
417,
418,
419,
420,
421,
422,
423,
424,
425,
426,
427,
428,
429,
430,
431,
432,
433,
434,
435,
436,
437,
438,
439,
440,
441,
442,
443,
444,
445,
446,
447,
448,
449,
450,
451,
452,
453,
454,
455,
456,
457,
458,
459,
460,
461,
462,
463,
464,
465,
466,
467,
468,
469,
470,
471,
472,
473,
474,
475,
476,
477,
478,
479,
480,
481,
482,
483,
484,
485,
486,
487,
488,
489,
490,
491,
492,
493,
494,
495,
496,
497,
498,
499,
500,
501,
502,
503,
504,
505,
506,
507,
508,
509,
510,
511,
512,
513,
514,
515,
516,
517,
518,
519,
520,
521,
522,
523,
524,
525,
526,
527,
528,
529,
530,
531,
532,
533,
534,
535,
536,
537,
538,
539,
540,
541,
542,
543,
544,
545,
546,
547,
548,
549,
550,
551,
552,
553,
554,
555,
556,
557,
558,
559,
560,
561,
562,
563,
564,
565,
566,
567,
568,
569,
570,
571,
572,
573,
574,
575,
576,
577,
578,
579,
580,
581,
582,
583,
584,
585,
586,
587,
588,
589,
590,
591,
592,
593,
594,
595,
596,
597,
598,
599,
600,
601,
602,
603,
604,
605,
606,
607,
608,
609,
610,
611,
612,
613,
617,
618,
619,
620,
621,
622,
623,
624,
625,
626,
627,
628,
629,
630,
631,
632,
633,
634,
635,
636,
637,
638,
639,
640,
641,
642,
643,
644,
645,
646,
647,
648,
649,
650,
651,
652,
653,
654,
655,
656,
657,
658,
659,
660,
661,
662,
663,
664,
665,
666,
667,
668,
669,
670,
671,
672,
673,
674,
675,
676,
677,
678,
679,
680,
681,
682,
683,
684,
685,
686,
687,
688,
689,
690,
691,
692,
693,
694,
695,
696,
697,
698,
699,
700,
701,
702,
703,
704,
705,
706,
707,
708,
709,
710,
711,
712,
713,
714,
715,
716,
717,
718,
719,
720,
721,
722,
723,
724,
725,
726,
727,
728,
729,
730,
731,
732,
733,
734,
735,
736,
737,
738,
739,
740,
741,
742,
743,
744,
745,
746,
747,
748,
749,
750,
751,
752,
753,
754,
755,
756,
757,
758,
759,
760,
761,
762,
763,
764,
765,
766,
767,
768,
769,
770,
771,
772,
773,
774,
775,
776,
777,
778,
779,
780,
781,
782,
783,
784,
785,
786,
787,
788,
789,
790,
791,
792,
793,
794,
795,
796,
797,
798,
799,
800,
801,
802,
803,
804,
805,
806,
807,
808,
809,
810,
811,
812,
813,
814,
815,
816,
817,
818,
819,
820,
821,
822,
823,
824,
825,
826,
827,
828,
829,
830,
831,
832,
833,
834,
835,
836,
837,
838,
839,
840,
841,
842,
843,
844,
845,
846,
847,
848,
849,
850,
851,
852,
853,
854,
855,
856,
857,
858,
859,
860,
861,
862,
863,
864,
865,
866,
867,
868,
869,
870,
871,
872,
873,
874,
875,
876,
877,
878,
879,
880,
881,
882,
883,
884,
885,
886,
887,
888,
889,
890,
891,
892,
893,
894,
895,
896,
897,
898,
899,
900,
901,
902,
903,
904,
905,
906,
907,
908,
909,
910,
911,
912,
913,
914,
915,
916,
917,
918,
919,
920,
921,
922,
923,
924,
925,
926,
927,
928,
929,
930,
931,
932,
933,
934,
935,
936,
937,
938,
939,
940,
941,
942,
943,
944,
945,
946,
947,
948,
949,
950,
951,
952,
953,
954,
955,
956,
957,
958,
959,
960,
961,
962,
963,
964,
965,
966,
967,
968,
969,
970,
971,
972,
973,
974,
975,
976,
977,
978,
979,
980,
981,
982,
983,
984,
985,
986,
987,
988,
989,
990,
991,
992,
993,
994,
995,
996,
997,
998,
999,
1000,
1001,
1002,
1003,
1004,
1005,
1006,
1007,
1008,
1009,
1010,
1011,
1012,
1013,
1014,
1015,
1016,
1017,
1018,
1019,
1020,
1021,
1022,
1023,
1024,
1025,
1026,
1027,
1028,
1029,
1030,
1031,
1032,
1033,
1034,
1035,
1036,
1037,
1038,
1039,
1040,
1041,
1042,
1043,
1044,
1045,
1046,
1047,
1048,
1049,
1050,
1051,
1052,
1053,
1054,
1055,
1056,
1057,
1058,
1059,
1060,
1061,
1062,
1063,
1064,
1065,
1066,
1067,
1068,
1069,
1070,
1071,
1072,
1073,
1074,
1075,
1076,
1077,
1078,
1079,
1080,
1083,
1084,
1085,
1086,
1087,
1088,
1089,
1090,
1091,
1092,
1093,
1094,
1095,
1096,
1097,
1098,
1099,
1100,
1101,
1102,
1103,
1104,
1105,
1106,
1107,
1108,
1109,
1110,
1111,
1112,
1113,
1114,
1115,
1116,
1117,
1118,
1119,
1120,
1121,
1122,
1123,
1124,
1125,
1126,
1127,
1128,
1129,
1130,
1131,
1132,
1133,
1134,
1135,
1136,
1137,
1138,
1139,
1140,
1141,
1142,
1143,
1144,
1145,
1146,
1147,
1148,
1149,
1150,
1151,
1152,
1153,
1154,
1155,
1156,
1157,
1158,
1159,
1160,
1161,
1162,
1163,
1164,
1165,
1166,
1167,
1168,
1169,
1170,
1171,
1172,
1173,
1174,
1175,
1176,
1177,
1178,
1179,
1180,
1181,
1182,
1183,
1184,
1185,
1186,
1187,
1188,
1189,
1190,
1191,
1192,
1193,
1194,
1195,
1196,
1197,
1198,
1199,
1200,
1201,
1202,
1203,
1204,
1205,
1206,
1207,
1208,
1209,
1210,
1211,
1212,
1213,
1214,
1215,
1216,
1217,
1218,
1219,
1220,
1221,
1222,
1223,
1224,
1225,
1226,
1227,
1228,
1229,
1230,
1231,
1232,
1233,
1234,
1235,
1236,
1237,
1238,
1239,
1240,
1241,
1242,
1243,
1244,
1245,
1246,
1247,
1248,
1249,
1250,
1251,
1252,
1253,
1254,
1255,
1256,
1257,
1258,
1259,
1260,
1261,
1262,
1263,
1264,
1265,
1266,
1267,
1268,
1269,
1270,
1271,
1272,
1273,
1274,
1275,
1276,
1277,
1278,
1279,
1280,
1281,
1282,
1283,
1284,
1285,
1286,
1287,
1288,
1289,
1290,
1291,
1292,
1293,
1294,
1295,
1296,
1297,
1298,
1299,
1300,
1301,
1302,
1303,
1304,
1305,
1306,
1307,
1308,
1309,
1310,
1311,
1312,
1313,
1314,
1315,
1316,
1317,
1318,
1319,
1320,
1321,
1322,
1323,
1324,
1325,
1326,
1327,
1328,
1329,
1330,
1331,
1332,
1333,
1334,
1335,
1336,
1337,
1338,
1339,
1340,
1341,
1342,
1343,
1344,
1345,
1346,
1347,
1348,
1349,
1350,
1351,
1352,
1353,
1354,
1355,
1356,
1357,
1358,
1359,
1360,
1361,
1362,
1363,
1364,
1365,
1366,
1367,
1368,
1369,
1370,
1371,
1372,
1373,
1374,
1375,
1376,
1377,
1378,
1379,
1380,
1381,
1382,
1383,
1384,
1385,
1386,
1387,
1388,
1389,
1390,
1391,
1392,
1393,
1394,
1395,
1396,
1397,
1398,
1399,
1400,
1401,
1402,
1403,
1404,
1405,
1406,
1407,
1408,
1409,
1410,
1411,
1412,
1413,
1414,
1415,
1416,
1417,
1418,
1419,
1420,
1421,
1422,
1423,
1424,
1425,
1426,
1427,
1428,
1429,
1430,
1431,
1432,
1433,
1434,
1435,
1436,
1437,
1438,
1439,
1440,
1441,
1442,
1443,
1444,
1445,
1446,
1447,
1448,
1449,
1450,
1451,
1452,
1453,
1454,
1455,
1456,
1457,
1458,
1459,
1460,
1461,
1462,
1463,
1464,
1465,
1466,
1467,
1468,
1469,
1470,
1471,
1472,
1473,
1474,
1475,
1476,
1477,
1478,
1479,
1480,
1481,
1482,
1483,
1484,
1485,
1486,
1487,
1488,
1489,
1490,
1491,
1492,
1493,
1494,
1495,
1496,
1497,
1498,
1499,
1500,
1501,
1502,
1503,
1504,
1505,
1506,
1507,
1508,
1509,
1510,
1511,
1512,
1513,
1514,
1515,
1516,
1517,
1518,
1519,
1520,
1521,
1522,
1523,
1524,
1525,
1526,
1527,
1528,
1529,
1530,
1531,
1532,
1533,
1534,
1535,
1536,
1537,
1538,
1539,
1540,
1541,
1542,
1543,
1544,
1545,
1546,
1547,
1548,
1549,
1550,
1551,
1552,
1553,
1554,
1555,
1556,
1557,
1558,
1559,
1560,
1561,
1562,
1563,
1564,
1565,
1566,
1567,
1568,
1569,
1570,
1571,
1572,
1573,
1574,
1575,
1576,
1577,
1578,
1579,
1580,
1581,
1582,
1583,
1584,
1585,
1586,
1587,
1588,
1589,
1590,
1591,
1592,
1593,
1594,
1595,
1596,
1597,
1598,
1599,
1600,
1601,
1602,
1603,
1604,
1605,
1606,
1607,
1608,
1612,
1613,
1614,
1615,
1616,
1617,
1618,
1619,
1620,
1621,
1622,
1623,
1624,
1625,
1626,
1627,
1628,
1629,
1630,
1631,
1632,
1633,
1634,
1635,
1636,
1637,
1638,
1639,
1640,
1641,
1642,
1643,
1644,
1645,
1646,
1647,
1648,
1649,
1650,
1651,
1652,
1653,
1654,
1655,
1656,
1657,
1658,
1659,
1660,
1661,
1662,
1663,
1664,
1665,
1666,
1667,
1668,
1669,
1670,
1671,
1672,
1673,
1674,
1675,
1676,
1677,
1678,
1679,
1680,
1681,
1682,
1683,
1684,
1685,
1686,
1687,
1688,
1689,
1690,
1691,
1692,
1693,
1694,
1695,
1696,
1697,
1698,
1699,
1700,
1701,
1702,
1703,
1704,
1705,
1706,
1707,
1708,
1709,
1710,
1711,
1712,
1713,
1714,
1715,
1716,
1717,
1721,
1722,
1723,
1724,
1725,
1726,
1727,
1728,
1729,
1730,
1731,
1732,
1733,
1734,
1735,
1736,
1737,
1738,
1739,
1740,
1741,
1742,
1743,
1744,
1745,
1746,
1747,
1748,
1749,
1750,
1751,
1752,
1753,
1754,
1755,
1756,
1757,
1758,
1759,
1760,
1761,
1762,
1763,
1764,
1765,
1766,
1767,
1768,
1769,
1770,
1771,
1772,
1773,
1774,
1775,
1776,
1777,
1778,
1779,
1780,
1781,
1782,
1783,
1784,
1785,
1786,
1787,
1788,
1789,
1790,
1791,
1792,
1793,
1794,
1795,
1796,
1797,
1798,
1799,
1800,
1801,
1802,
1803,
1804,
1805,
1806,
1807,
1808,
1809,
1810,
1811,
1812,
1813,
1814,
1815,
1816,
1817,
1818,
1819,
1820,
1821,
1822,
1823,
1824,
1825,
1826,
1827,
1828,
1829,
1830,
1831,
1832,
1833,
1834,
1835,
1836,
1837,
1838,
1839,
1840,
1841,
1842,
1843,
1844,
1845,
1846,
1847,
1848,
1849,
1850,
1851,
1852,
1853,
1854,
1855,
1856,
1857,
1858,
1859,
1860,
1861,
1862,
1863,
1864,
1865,
1866,
1867,
1868,
1869,
1870,
1871,
1872,
1873,
1874,
1875,
1876,
1877,
1878,
1879,
1880,
1881,
1882,
1883,
1884,
1885,
1886,
1887,
1888,
1889,
1890,
1891,
1892,
1893,
1894,
1895,
1896,
1897,
1898,
1899,
1900,
1901,
1902,
1903,
1904,
1905,
1906,
1907,
1908,
1909,
1910,
1914,
1915,
1916,
1917,
1918,
1919,
1920,
1921,
1922,
1923,
1924,
1925,
1926,
1927,
1928,
1929,
1930,
1931,
1932,
1933,
1934,
1935,
1936,
1937,
1938,
1939,
1940,
1941,
1942,
1943,
1944,
1945,
1946,
1947,
1948,
1949,
1950,
1951,
1952,
1953,
1954,
1955,
1956,
1957,
1958,
1959,
1960,
1961,
1962,
1963,
1964,
1965,
1966,
1967,
1968,
1969,
1970,
1971,
1972,
1973,
1974,
1975,
1976,
1977,
1978,
1979,
1980,
1981,
1982,
1983,
1984,
1985,
1986,
1987,
1988,
1989,
1990,
1991,
1992,
1993,
1994,
1995,
1996,
1997,
1998,
1999,
2000,
2001,
2002,
2003,
2004,
2005,
2006,
2007,
2008,
2009,
2010,
2011,
2012,
2013,
2014,
2015,
2016,
2017,
2018,
2019,
2020,
2021,
2025,
2026,
2027,
2028,
2029,
2030,
2031,
2032,
2033,
2034,
2035,
2036,
2037,
2038,
2039,
2040,
2041,
2042,
2043,
2044,
2045,
2046,
2047,
2048,
2049,
2050,
2051,
2052,
2053,
2054,
2055,
2056,
2057,
2058,
2059,
2060,
2061,
2062,
2063,
2064,
2065,
2066,
2067,
2068,
2069,
2070,
2071,
2072,
2073,
2074,
2075,
2076,
2077,
2078,
2079,
2080,
2081,
2082,
2083,
2084,
2085,
2086,
2087,
2088,
2089,
2090,
2091,
2092,
2093,
2094,
2095,
2096,
2097,
2098,
2099,
2100,
2101,
2102,
2103,
2104,
2105,
2106,
2107,
2108,
2109,
2110,
2111,
2112,
2113,
2114,
2115,
2116,
2117,
2118,
2119,
2120,
2121,
2122,
2123,
2124,
2125,
2126,
2127,
2128,
2129,
2130,
2131,
2132,
2133,
2134,
2135,
2136,
2137,
2138,
2139,
2140,
2141,
2142,
2143,
2144,
2145,
2146,
2147,
2148,
2149,
2150,
2151,
2152,
2153,
2154,
2155,
2156,
2157,
2158,
2159,
2160,
2161,
2162,
2163,
2164,
2165,
2166,
2167,
2168,
2169,
2170,
2171,
2172,
2173,
2174,
2175,
2176,
2177,
2178,
2179,
2180,
2181,
2182,
2183,
2184,
2185,
2186,
2187,
2188,
2189,
2190,
2191,
2192,
2193,
2194,
2195,
2196,
2197,
2198,
2199,
2200,
2201,
2202,
2203,
2204,
2205,
2206,
2207,
2208,
2209,
2210,
2211,
2212,
2213,
2214,
2215,
2216,
2217,
2218,
2219,
2220,
2221,
2222,
2223,
2224,
2225,
2226,
2227,
2228,
2229,
2230,
2231,
2232,
2233,
2234,
2235,
2236,
2237,
2238,
2239,
2240,
2241,
2242,
2243,
2244,
2245,
2246,
2247,
2248,
2249,
2250,
2251,
2252,
2253,
2254,
2255,
2256,
2257,
2258,
2259,
2260,
2261,
2262,
2263,
2264,
2265,
2266,
2267,
2268,
2269,
2270,
2271,
2272,
2273,
2274,
2275,
2276,
2277,
2278,
2279,
2280,
2281,
2282,
2283,
2284,
2285,
2286,
